{
	"class_name" : "PinholeCameraParameters",
	"extrinsic" : 
	[
		-0.166790518397854,
		-0.54834536294314984,
		0.81944998987816242,
		0.0,
		-0.98599216767757425,
		0.09326961481973596,
		-0.13827589894792441,
		0.0,
		-0.00060683692508281539,
		-0.83103438069078917,
		-0.55622072045081428,
		0.0,
		1.2287123936858553,
		7.5791725732955282,
		-0.17697885157026017,
		1.0
	],
	"intrinsic" : 
	{
		"height" : 194,
		"intrinsic_matrix" : 
		[
			168.00892833418112,
			0.0,
			0.0,
			0.0,
			168.00892833418112,
			0.0,
			163.0,
			96.5,
			1.0
		],
		"width" : 327
	},
	"version_major" : 1,
	"version_minor" : 0
}